designations,picture,price
"Evertek M20 Nano - 4"" - 1G - 8G - Noir - Garantie 1 An",https://tn.jumia.is/unsafe/fit-in/300x300/filters:fill(white)/product/34/1727/1.jpg?4089,119.00 TND
Kiwi Extracteur de jus - 200 W - KJ-1950 - Blanc - Garantie 1 an,https://tn.jumia.is/unsafe/fit-in/300x300/filters:fill(white)/product/54/4124/1.jpg?2027,159.00 TND
Evertek M20S PRO - 2Go - 16Go - Rouge - Garantie 1 an,https://tn.jumia.is/unsafe/fit-in/300x300/filters:fill(white)/product/67/9627/1.jpg?9228,279.00 TND
Clavier gamer RGB - USB,https://tn.jumia.is/unsafe/fit-in/300x300/filters:fill(white)/product/07/4356/1.jpg?5949,27.90 TND
Maybelline New York Express Colossal Smoky Eyes Mascara Volume - Noir,https://tn.jumia.is/unsafe/fit-in/300x300/filters:fill(white)/product/45/0245/1.jpg?4737,27.99 TND
"Samsung Téléviseur Smart 32"" - FullHD - UA32T5300 - Garantie 2 ans",https://tn.jumia.is/unsafe/fit-in/300x300/filters:fill(white)/product/71/9074/1.jpg?1325,789.00 TND
Étui Tablette - Simple - Rose - 7 Pouces,https://tn.jumia.is/unsafe/fit-in/300x300/filters:fill(white)/product/91/3542/1.jpg?6306,10.90 TND
Autocollant Mural papier Peint Amovible vape shop - Noir,https://tn.jumia.is/unsafe/fit-in/300x300/filters:fill(white)/product/10/8946/1.jpg?2809,30.00 TND
Sokany DOUBLE PLAQUE DE CUISSON SK-5102,https://tn.jumia.is/unsafe/fit-in/300x300/filters:fill(white)/product/68/1696/1.jpg?8017,85.00 TND
VR SHINECON Casque VR Box - Pro,https://tn.jumia.is/unsafe/fit-in/300x300/filters:fill(white)/product/90/1626/1.jpg?7508,33.90 TND
Moulinex Cafetière Subito FG1218 - 800 W - 12 Tasses - Noir - Garantie 1 An,https://tn.jumia.is/unsafe/fit-in/300x300/filters:fill(white)/product/59/1522/1.jpg?8704,106.00 TND
STAR ONE Poste Radio - Voiture -Sans Bluetooth - MP3-FM-USB-SD-AUX,https://tn.jumia.is/unsafe/fit-in/300x300/filters:fill(white)/product/69/1144/1.jpg?7086,66.00 TND
"Samsung Galaxy A03 - 6.5"" - 3 Go - 32Go - NOIR - Garantie 1 an",https://tn.jumia.is/unsafe/fit-in/300x300/filters:fill(white)/product/46/1236/1.jpg?6514,410.00 TND
Elyne Miroir LED Salle de bain Vertical -60*80,https://tn.jumia.is/unsafe/fit-in/300x300/filters:fill(white)/product/04/9412/1.jpg?4779,200.00 TND
Energas Cartouche de gaz - Butane - 190g - 0.4 L - Lot de 6,https://tn.jumia.is/unsafe/fit-in/300x300/filters:fill(white)/product/97/4225/1.jpg?3986,34.96 TND
Cristal Huile Végétale - 5L,https://tn.jumia.is/unsafe/fit-in/300x300/filters:fill(white)/product/41/9025/1.jpg?2485,26.90 TND
K-REINE Pack - L’indispensable Soin de Visage,https://tn.jumia.is/unsafe/fit-in/300x300/filters:fill(white)/product/15/4682/1.jpg?9880,34.90 TND
Tefal Set deux poêles 28cm & 24 cm Extra Cook & Clean - Antiadhésive,https://tn.jumia.is/unsafe/fit-in/300x300/filters:fill(white)/product/29/8094/1.jpg?5346,79.90 TND
Inkax Ecouteur T02 - Bluetooth - Touch Series - Blanc,https://tn.jumia.is/unsafe/fit-in/300x300/filters:fill(white)/product/22/4006/1.jpg?9950,50.00 TND
VIP Panier économique 5 en 1,https://tn.jumia.is/unsafe/fit-in/300x300/filters:fill(white)/product/51/0375/1.jpg?6358,29.90 TND
Moulinex Blender Moulinex Blendeo - 450W - Bol 1.5L - 1 ACCESSOIRE - Garantie 1 An,https://tn.jumia.is/unsafe/fit-in/300x300/filters:fill(white)/product/95/2735/1.jpg?3390,139.00 TND
Couzinox Batterie de cuisine 8 pièces - Rouge - Coloris - Inox 18/10 - Garantie 5 ans,https://tn.jumia.is/unsafe/fit-in/300x300/filters:fill(white)/product/01/9672/1.jpg?3656,339.00 TND
"LG Téléviseur 55"" UHD 4K Smart AI THINQ + Récepteur Intégré -Garantie 2 ans",https://tn.jumia.is/unsafe/fit-in/300x300/filters:fill(white)/product/23/7976/1.jpg?6105,"1,859.00 TND"
Cookart Batterie 9 pieces - El Gusto,https://tn.jumia.is/unsafe/fit-in/300x300/filters:fill(white)/product/83/3327/1.jpg?2318,99.00 TND
Vermax Four Electrique - 36 Litres - Silver - Garantie 12 mois,https://tn.jumia.is/unsafe/fit-in/300x300/filters:fill(white)/product/49/1296/1.jpg?9564,129.90 TND
Hms Cocotte-Minute Avec Deux Minuteurs - 5 Litres - Inox - Garantie 1 an,https://tn.jumia.is/unsafe/fit-in/300x300/filters:fill(white)/product/72/9117/1.jpg?1491,129.00 TND
Kiwi Mixeur Plongeant KHB-4415 + Batteur électrique KMX-3608 - Garantie 1 an,https://tn.jumia.is/unsafe/fit-in/300x300/filters:fill(white)/product/79/7117/1.jpg?2951,95.00 TND
Kiwi Blender en verre 1.5 L - Noir - KSB-2219 - Garantie 1 an,https://tn.jumia.is/unsafe/fit-in/300x300/filters:fill(white)/product/35/1051/1.jpg?0289,99.00 TND
Garnier SkinActive Eau Micellaire - Tout en 1 - Peaux Sensibles - 400ml,https://tn.jumia.is/unsafe/fit-in/300x300/filters:fill(white)/product/83/2645/1.jpg?9108,14.99 TND
Garnier Skin Active Fast Bright Vitamine C - Nettoyant visage éclaircissant - 50ml,https://tn.jumia.is/unsafe/fit-in/300x300/filters:fill(white)/product/50/3645/1.jpg?3871,6.99 TND
Cookart Batterie 9 pieces - El Gusto,https://tn.jumia.is/unsafe/fit-in/300x300/filters:fill(white)/product/83/3327/1.jpg?2318,99.00 TND
Brazilian Glow Pack Kératine Protéine Caviar - 60ml,https://tn.jumia.is/unsafe/fit-in/300x300/filters:fill(white)/product/78/1373/1.jpg?4811,25.00 TND
Delice Delice Soluble Café Aggloméré Recharge 50G,https://tn.jumia.is/unsafe/fit-in/300x300/filters:fill(white)/product/56/5824/1.jpg?3610,3.70 TND
Kit 100 LED Noël - Guirlande de fête lumineuse décoratif - Fil multifonction - 4 m - Multicoleur,https://tn.jumia.is/unsafe/fit-in/300x300/filters:fill(white)/product/18/7902/1.jpg?4344,9.90 TND
Brazilian Glow Pack - Soins Protéine Caviar,https://tn.jumia.is/unsafe/fit-in/300x300/filters:fill(white)/product/41/3665/1.jpg?8867,31.00 TND
Garnier Skin Active Fast Bright Vitamine C - Nettoyant visage éclaircissant - 50ml,https://tn.jumia.is/unsafe/fit-in/300x300/filters:fill(white)/product/50/3645/1.jpg?3871,6.99 TND
Your Style Ensemble de sous-vêtements - Thermiques - Noir,https://tn.jumia.is/unsafe/fit-in/300x300/filters:fill(white)/product/34/3591/1.jpg?9576,25.50 TND
"Nokia 105 - 1.77"" - Double SIM - Noir - Garantie 1 an",https://tn.jumia.is/unsafe/fit-in/300x300/filters:fill(white)/product/18/1746/1.jpg?1112,67.00 TND
Kit 100 LED Noël - Guirlande de fête lumineuse décoratif - Fil multifonction - 10 m - Jaune,https://tn.jumia.is/unsafe/fit-in/300x300/filters:fill(white)/product/58/7902/1.jpg?4524,12.50 TND
Hileax Sèche-cheveux - 3900 - 1800W - Noir,https://tn.jumia.is/unsafe/fit-in/300x300/filters:fill(white)/product/86/2556/1.jpg?9480,37.90 TND
Bas de porte isolant double boudin - Stop Froid et isolant courants d’air,https://tn.jumia.is/unsafe/fit-in/300x300/filters:fill(white)/product/86/4394/1.jpg?3406,10.00 TND
Kent Kent Café 2 en 1 - 12g,https://tn.jumia.is/unsafe/fit-in/300x300/filters:fill(white)/product/90/2044/1.jpg?5474,0.72 TND
Marque Pack 3 Boudin Bas de porte isolant - Stop Froid et isolant courants d’air,https://tn.jumia.is/unsafe/fit-in/300x300/filters:fill(white)/product/42/2794/1.jpg?3806,29.00 TND
Pharmaceris Puri Albucin Mousse Nettoyante - 150ml,https://tn.jumia.is/unsafe/fit-in/300x300/filters:fill(white)/product/68/2151/1.jpg?9878,23.90 TND
Garnier SkinActive Eau Micellaire - Tout en 1 - Peaux Sensibles - 100 ml,https://tn.jumia.is/unsafe/fit-in/300x300/filters:fill(white)/product/73/2645/1.jpg?9019,6.90 TND
Tefal Poêle 24cm - Simplicité - Antiadhésive - Tous feux sauf induction,https://tn.jumia.is/unsafe/fit-in/300x300/filters:fill(white)/product/00/5964/1.jpg?3386,39.90 TND
Moulinex Blender Moulinex Blendeo - 450W - Bol 1.5L - 1 ACCESSOIRE - Garantie 1 An,https://tn.jumia.is/unsafe/fit-in/300x300/filters:fill(white)/product/95/2735/1.jpg?3390,139.00 TND
Hms Cocotte-Minute Avec Deux Minuteurs - 5 Litres - Inox - Garantie 1 an,https://tn.jumia.is/unsafe/fit-in/300x300/filters:fill(white)/product/72/9117/1.jpg?1491,129.00 TND
Kiwi Mixeur Plongeant KHB-4415 + Batteur électrique KMX-3608 - Garantie 1 an,https://tn.jumia.is/unsafe/fit-in/300x300/filters:fill(white)/product/79/7117/1.jpg?2951,95.00 TND
Vermax Four Electrique - 36 Litres - Silver - Garantie 12 mois,https://tn.jumia.is/unsafe/fit-in/300x300/filters:fill(white)/product/49/1296/1.jpg?9564,129.90 TND
Couzinox Batterie de cuisine 8 pièces - Rouge - Coloris - Inox 18/10 - Garantie 5 ans,https://tn.jumia.is/unsafe/fit-in/300x300/filters:fill(white)/product/01/9672/1.jpg?3656,339.00 TND
Cookart Batterie 9 pieces - El Gusto,https://tn.jumia.is/unsafe/fit-in/300x300/filters:fill(white)/product/83/3327/1.jpg?2318,99.00 TND
Kiwi Blender en verre 1.5 L - Noir - KSB-2219 - Garantie 1 an,https://tn.jumia.is/unsafe/fit-in/300x300/filters:fill(white)/product/35/1051/1.jpg?0289,99.00 TND
Balance de cuisine électronique - 10 kg - Blanc,https://tn.jumia.is/unsafe/fit-in/300x300/filters:fill(white)/product/61/3514/1.jpg?0007,11.90 TND
Magic house Robot Pétrin Multifonctions professionnel-5 Litres-1300W-Silver-Garantie 1an,https://tn.jumia.is/unsafe/fit-in/300x300/filters:fill(white)/product/60/2194/1.jpg?4923,269.90 TND
Couzinox Théière pure 1.25 L  - Noir - Inox 18-10,https://tn.jumia.is/unsafe/fit-in/300x300/filters:fill(white)/product/04/2865/1.jpg?7992,56.00 TND
Dunya Plastik Bol à Mixer En Plastique Alimentaire-2200 ml-Avec Couvercle rose,https://tn.jumia.is/unsafe/fit-in/300x300/filters:fill(white)/product/54/1594/1.jpg?2986,12.00 TND
Cookart Plat à Four  25.5x17.5cm - Noir & Plat à four rond 24cm - Rouge,https://tn.jumia.is/unsafe/fit-in/300x300/filters:fill(white)/product/37/3685/1.jpg?2766,19.00 TND
Cookart Batterie de 6 Pièces - Noir - El Gusto,https://tn.jumia.is/unsafe/fit-in/300x300/filters:fill(white)/product/19/8685/1.jpg?5686,75.30 TND
Rangement frigo-organisateur de Réfrigérateur-Boîte alimentaire casier rangement,https://tn.jumia.is/unsafe/fit-in/300x300/filters:fill(white)/product/27/4556/1.jpg?6146,25.90 TND
LG Machine à laver Automatique - 9KG 1400T - Cycle Vapeur -  6M - SILVER,https://tn.jumia.is/unsafe/fit-in/300x300/filters:fill(white)/product/36/7285/1.jpg?0149,"1,919.90 TND"
LG Lave Vaisselle - Autoportante - 14Couverts - DFB512FP - Gris - Garantie 3 ans,https://tn.jumia.is/unsafe/fit-in/300x300/filters:fill(white)/product/76/7285/1.jpg?0146,"2,450.00 TND"
Focus PLAQUE DE CUISSON A GAZ FOCUS F400X,https://tn.jumia.is/unsafe/fit-in/300x300/filters:fill(white)/product/08/0007/1.jpg?7653,345.00 TND
LG Machine à Laver - 9KG - 1400T - FH4G6VDGG6 - Silver - Garantie 3 ans,https://tn.jumia.is/unsafe/fit-in/300x300/filters:fill(white)/product/35/7285/1.jpg?5387,"1,920.00 TND"
Coala Radiateur Electrique Portatif - R2+ 1400W - Garantie 6 mois,https://tn.jumia.is/unsafe/fit-in/300x300/filters:fill(white)/product/89/9694/1.jpg?1446,58.90 TND
LG Lave Linge Top - 14kg - Noir,https://tn.jumia.is/unsafe/fit-in/300x300/filters:fill(white)/product/90/7096/1.jpg?3586,"1,850.00 TND"
LG Pack Ramadan Lave Vaisselle LG+Four encastrable F525X+Plaque F400X & Hotte F602X,https://tn.jumia.is/unsafe/fit-in/300x300/filters:fill(white)/product/42/2717/1.jpg?5829,"3,690.00 TND"
LG Réfrigérateur-Side By Side -4 Porte-601 Litres Avec Ecran Tactile Door-in-Door,https://tn.jumia.is/unsafe/fit-in/300x300/filters:fill(white)/product/52/6196/1.jpg?1747,"6,300.00 TND"
LG Réfrigérateur - GL-C502HLCL - Smart Inverter - 438L - Gris - Garantie 2 ans,https://tn.jumia.is/unsafe/fit-in/300x300/filters:fill(white)/product/56/7285/1.jpg?0149,"2,699.00 TND"
Four électrique 3 en 1- Machine à Café - Sandwich et Petit Déjeuner -Garantie 1 An,https://tn.jumia.is/unsafe/fit-in/300x300/filters:fill(white)/product/19/9985/1.jpg?8947,174.90 TND
Auxstar Plaque de cuisson 4 feux  en Verre noir -  garantie 12 mois,https://tn.jumia.is/unsafe/fit-in/300x300/filters:fill(white)/product/72/0907/1.jpg?2894,299.00 TND
Beko Réfrigérateur - 630L - GN163220SX - Side by Side - Inox - Garantie 2 ans,https://tn.jumia.is/unsafe/fit-in/300x300/filters:fill(white)/product/20/4156/1.jpg?9317,"3,699.00 TND"
Star X Réfrigérateur porte simple couleur blanche 92 litres,https://tn.jumia.is/unsafe/fit-in/300x300/filters:fill(white)/product/01/3056/1.jpg?2429,950.00 TND
Focus Hotte cheminée pyramidale FOCUS F605X,https://tn.jumia.is/unsafe/fit-in/300x300/filters:fill(white)/product/87/0007/1.jpg?7653,309.00 TND
Focus Hotte cheminée pyramidale FOCUS F605B,https://tn.jumia.is/unsafe/fit-in/300x300/filters:fill(white)/product/97/0007/1.jpg?7653,309.00 TND
Sidi Daoud Lot de 3 boites thon - 130 g hv,https://tn.jumia.is/unsafe/fit-in/300x300/filters:fill(white)/product/51/9556/1.jpg?9567,10.20 TND
Vivian Pack de 06 Bouteilles Eau - Vivian - 1.5L,https://tn.jumia.is/unsafe/fit-in/300x300/filters:fill(white)/product/96/2656/1.jpg?4159,3.10 TND
Cristal Huile Végétale - 5L,https://tn.jumia.is/unsafe/fit-in/300x300/filters:fill(white)/product/41/9025/1.jpg?2485,26.90 TND
VIP Panier économique 5 en 1,https://tn.jumia.is/unsafe/fit-in/300x300/filters:fill(white)/product/51/0375/1.jpg?6358,29.90 TND
BNINA BNINA Confiture de Fraise 165 Gr,https://tn.jumia.is/unsafe/fit-in/300x300/filters:fill(white)/product/93/0714/1.jpg?3179,0.95 TND
Smart Chef Smart Chef Crème cappuccino st 40g,https://tn.jumia.is/unsafe/fit-in/300x300/filters:fill(white)/product/67/3614/1.jpg?8158,0.33 TND
BNINA BNINA Confiture D Abricot 470 Gr,https://tn.jumia.is/unsafe/fit-in/300x300/filters:fill(white)/product/63/0714/1.jpg?2626,1.90 TND
Dr Oetker Vanoise Dr Oetker Vanoise Levure boulangére groupage de 5 sachets,https://tn.jumia.is/unsafe/fit-in/300x300/filters:fill(white)/product/80/1093/1.jpg?3273,1.20 TND
Smart Chef Smart Chef Crème fruits des bois st 40g,https://tn.jumia.is/unsafe/fit-in/300x300/filters:fill(white)/product/58/3614/1.jpg?4145,0.35 TND
Delice Delice Soluble Café Aggloméré Recharge 50G,https://tn.jumia.is/unsafe/fit-in/300x300/filters:fill(white)/product/56/5824/1.jpg?3610,3.70 TND
Materna Materna Compote Pomme - 130gr,https://tn.jumia.is/unsafe/fit-in/300x300/filters:fill(white)/product/47/7394/1.jpg?4370,2.00 TND
Smart Chef Smart Chef Crème Chantilly St 41 Gr,https://tn.jumia.is/unsafe/fit-in/300x300/filters:fill(white)/product/38/3614/1.jpg?3963,0.76 TND
Sidi Daoud Sidi Daoud Boite Aluminium Filet De Maquereaux Grilles Huile De Tournesol 170 Gr,https://tn.jumia.is/unsafe/fit-in/300x300/filters:fill(white)/product/84/9324/1.jpg?1329,4.70 TND
Neblia Neblia Harissa 4/4,https://tn.jumia.is/unsafe/fit-in/300x300/filters:fill(white)/product/43/3904/1.jpg?6391,3.60 TND
Dr Oetker Vanoise Dr Oetker Vanoise Crème dessert vanille 40 gr,https://tn.jumia.is/unsafe/fit-in/300x300/filters:fill(white)/product/72/1093/1.jpg?3677,0.46 TND
"Fonecome Fonecom Téléphone cellulaire F16 - Double SIM - 1.77"" - Noir Garantie 1 An",https://tn.jumia.is/unsafe/fit-in/300x300/filters:fill(white)/product/66/7386/1.jpg?5197,32.90 TND
"Infinix SMART 6 PLUS - 6,82"" - 4G/DS - 2/64 GB - X6823 - Tranquil Sea Blue",https://tn.jumia.is/unsafe/fit-in/300x300/filters:fill(white)/product/29/0617/1.jpg?9067,399.00 TND
Inkax Ecouteur Sans fils - T03 - Blanc,https://tn.jumia.is/unsafe/fit-in/300x300/filters:fill(white)/product/91/6396/1.jpg?8548,59.90 TND
"Samsung Galaxy A03 Core 6,5"" HD+ 2- 32 Go - Bronze - Garantie 1 an",https://tn.jumia.is/unsafe/fit-in/300x300/filters:fill(white)/product/33/7717/1.jpg?8167,379.90 TND
Mi Xiaomi Redmi Wireless BASIC 2 - TWS 5.0 (TWSEJ061LS),https://tn.jumia.is/unsafe/fit-in/300x300/filters:fill(white)/product/00/2386/1.jpg?5884,44.00 TND
"Infinix SMART 6 HD - 6.6"" - 4G/DS - 2/32 GB - X6512 - Force Black",https://tn.jumia.is/unsafe/fit-in/300x300/filters:fill(white)/product/59/0617/1.jpg?9966,369.00 TND
"Nokia 105 - 1.77"" - Double SIM - Noir - Garantie 1 an",https://tn.jumia.is/unsafe/fit-in/300x300/filters:fill(white)/product/18/1746/1.jpg?1112,67.00 TND
Support magnétique puissant en forme de L pour smartphone - Air vent mount stand,https://tn.jumia.is/unsafe/fit-in/300x300/filters:fill(white)/product/49/3366/1.jpg?7289,12.90 TND
Kit Tournevis Outils Réparation GSM - IFixer,https://tn.jumia.is/unsafe/fit-in/300x300/filters:fill(white)/product/23/0125/1.jpg?5529,4.90 TND
"Oppo A17k 6.56"" 3 - 64 Gb Navy Blue -5000 mAh - Garantie 1 An",https://tn.jumia.is/unsafe/fit-in/300x300/filters:fill(white)/product/16/3586/1.jpg?5145,489.00 TND
"Samsung Galaxy A04e  6.5"" HD+ 3G+4G Ram Plus 64G - Noir - Garantie 1 an",https://tn.jumia.is/unsafe/fit-in/300x300/filters:fill(white)/product/33/2717/1.jpg?9669,489.90 TND
"Oppo A17k 6.56"" 3 - 64 Gb  Bleu -5000 mAh - Garantie 1 An",https://tn.jumia.is/unsafe/fit-in/300x300/filters:fill(white)/product/36/3586/1.jpg?6487,489.00 TND
Haino Teko Germany Smart Watch - RW33 - Noir,https://tn.jumia.is/unsafe/fit-in/300x300/filters:fill(white)/product/31/5796/1.jpg?8549,162.90 TND
Inkax Ecouteur T02 - Bluetooth - Touch Series - Blanc,https://tn.jumia.is/unsafe/fit-in/300x300/filters:fill(white)/product/22/4006/1.jpg?9950,50.00 TND
"Oppo A77S - 6.56"" - 8Go -128Go - Orange  - Garantie 1an",https://tn.jumia.is/unsafe/fit-in/300x300/filters:fill(white)/product/20/3696/1.jpg?2273,939.90 TND
Vega TV 32 Vega  HD LED - 3 ans Garantie,https://tn.jumia.is/unsafe/fit-in/300x300/filters:fill(white)/product/96/2385/1.jpg?6967,359.00 TND
"X96 Box Android 2go Ram+16 Go Mémoire+Cortex-A53 à 1,35GHz",https://tn.jumia.is/unsafe/fit-in/300x300/filters:fill(white)/product/21/0586/1.jpg?2048,114.90 TND
"LG Téléviseur 50"" 4K SMART  Récepteur Intégré - Garantie 2 ans",https://tn.jumia.is/unsafe/fit-in/300x300/filters:fill(white)/product/13/3085/1.jpg?2615,"1,558.00 TND"
"Samsung Téléviseur Smart 32"" - FullHD - UA32T5300 - Garantie 2 ans",https://tn.jumia.is/unsafe/fit-in/300x300/filters:fill(white)/product/71/9074/1.jpg?1325,789.00 TND
"Samsung Téléviseur 50"" - TU7000 Crystal UHD 4K Smart TV - Noir - Garantie 2 ans",https://tn.jumia.is/unsafe/fit-in/300x300/filters:fill(white)/product/91/9074/1.jpg?1327,"1,599.00 TND"
"Samsung Smart 4K TV UHD - 55"" -  Serie 7 - Garantie 2 Ans",https://tn.jumia.is/unsafe/fit-in/300x300/filters:fill(white)/product/40/8353/1.jpg?2278,"1,899.99 TND"
"Samsung Téléviseur 55"" QLED 4k UHD Smart TV - Q60R Noir 2022 - Garantie 2 ans",https://tn.jumia.is/unsafe/fit-in/300x300/filters:fill(white)/product/69/0806/1.jpg?4466,"2,929.00 TND"
Caméra Endoscope Android Et Windows 3 en 1 5.5 MM 2 Metre,https://tn.jumia.is/unsafe/fit-in/300x300/filters:fill(white)/product/42/6307/1.jpg?8931,87.90 TND
"Samsung TV 43""  Series 5  Avec Support - 2 ans Garantie",https://tn.jumia.is/unsafe/fit-in/300x300/filters:fill(white)/product/81/7863/1.jpg?3561,"1,199.00 TND"
"Vega Téléviseur 43"" Android LED - Noir - Garantie 3 ans",https://tn.jumia.is/unsafe/fit-in/300x300/filters:fill(white)/product/01/0445/1.jpg?2167,959.00 TND
"LG Téléviseur 55"" UHD 4K Smart AI THINQ + Récepteur Intégré -Garantie 2 ans",https://tn.jumia.is/unsafe/fit-in/300x300/filters:fill(white)/product/23/7976/1.jpg?6105,"1,859.00 TND"
"Vega TV 50"" - Smart - Android 4K - F50F1UB - Garantie 3 ans",https://tn.jumia.is/unsafe/fit-in/300x300/filters:fill(white)/product/05/0163/1.jpg?1430,"1,300.00 TND"
Ibrave Sat Finder V9,https://tn.jumia.is/unsafe/fit-in/300x300/filters:fill(white)/product/38/8272/1.jpg?9334,330.00 TND
"Samsung Téléviseur 40"" Full HD - Smart -T5300 - Noir - Garantie 2 ans",https://tn.jumia.is/unsafe/fit-in/300x300/filters:fill(white)/product/51/9074/1.jpg?1327,"1,099.00 TND"
"Sharp TV 43"" Full HD avec TNT-BLACKLIGHT TV - Garantie 1 an",https://tn.jumia.is/unsafe/fit-in/300x300/filters:fill(white)/product/22/8353/1.jpg?4647,799.00 TND
Brazilian Glow Pack Kératine Protéine Caviar - 60ml,https://tn.jumia.is/unsafe/fit-in/300x300/filters:fill(white)/product/78/1373/1.jpg?4811,25.00 TND
ACCU CHEK Lot de 50 Bandelettes - Active,https://tn.jumia.is/unsafe/fit-in/300x300/filters:fill(white)/product/58/9017/1.jpg?3353,28.90 TND
Râpe Bois Beige Double Face pour Pieds,https://tn.jumia.is/unsafe/fit-in/300x300/filters:fill(white)/product/18/1564/1.jpg?5266,5.80 TND
Eveline Diamond - Durcisseur & Fortifiant pour les ongles - 12ml,https://tn.jumia.is/unsafe/fit-in/300x300/filters:fill(white)/product/92/8656/1.jpg?5211,9.90 TND
Kit Tire Comédon 4en1 - Suppression des Points Noirs,https://tn.jumia.is/unsafe/fit-in/300x300/filters:fill(white)/product/35/8193/1.jpg?6795,9.70 TND
Garnier Eau Micellaire Skin Active - Tout en 1 à l'Eau de Rose - 400ml,https://tn.jumia.is/unsafe/fit-in/300x300/filters:fill(white)/product/60/3645/1.jpg?5505,14.90 TND
Arthrogine Gel-crème - Anti-inflammatoire - 50ml,https://tn.jumia.is/unsafe/fit-in/300x300/filters:fill(white)/product/98/7614/1.jpg?8424,6.50 TND
CYTOL NAT Da-derm creme visage - 100ml,https://tn.jumia.is/unsafe/fit-in/300x300/filters:fill(white)/product/54/4214/1.jpg?9545,6.90 TND
Milva Olcare - Ecran Solaire Teinté Beige claire - 50ML - SPF 50+,https://tn.jumia.is/unsafe/fit-in/300x300/filters:fill(white)/product/53/7514/1.jpg?3685,24.00 TND
Phyteal Ecran solaire teinté beige - Rose,https://tn.jumia.is/unsafe/fit-in/300x300/filters:fill(white)/product/26/3952/1.jpg?8750,27.90 TND
ACCU CHEK Instant - Coffret Glucomètre + 110 Bandelettes,https://tn.jumia.is/unsafe/fit-in/300x300/filters:fill(white)/product/86/8445/1.jpg?5686,82.00 TND
Phyteal lot De 3 Ultraliss Shampoing + Sérum + Masque - A La Kératine,https://tn.jumia.is/unsafe/fit-in/300x300/filters:fill(white)/product/67/8445/1.jpg?6647,75.00 TND
Avene Hydrance Légère - 40ml,https://tn.jumia.is/unsafe/fit-in/300x300/filters:fill(white)/product/46/0603/1.jpg?2965,35.00 TND
Sephora Fond De Teint Mat Perfection - 25 Beige / Beige (N) - 30 ml,https://tn.jumia.is/unsafe/fit-in/300x300/filters:fill(white)/product/12/6113/1.jpg?3565,21.00 TND
"Deborah Milano Mascara - EXTRAORDINAIRE - Volume, Courbe et Longueur - 5 EN 1 - noir",https://tn.jumia.is/unsafe/fit-in/300x300/filters:fill(white)/product/39/9486/1.jpg?1992,15.99 TND
L'Oréal Paris Hyaluron Expert - Gel Nettoyant pour tout types de peau - 200ml,https://tn.jumia.is/unsafe/fit-in/300x300/filters:fill(white)/product/45/3645/1.jpg?3096,25.90 TND
Maybelline New York Mascara Sky High lash sensational,https://tn.jumia.is/unsafe/fit-in/300x300/filters:fill(white)/product/98/3326/1.jpg?8498,33.99 TND
Garnier SkinActive Eau Micellaire - Tout en 1 - Peaux Sensibles - 400ml,https://tn.jumia.is/unsafe/fit-in/300x300/filters:fill(white)/product/83/2645/1.jpg?9108,14.99 TND
L'Oréal Paris Elsève Hyaluron Repulp 72 H Hydratant - Shampooing à l'acide hyaluronique pour cheveux déshydratés - 200ml,https://tn.jumia.is/unsafe/fit-in/300x300/filters:fill(white)/product/46/1395/1.jpg?2633,22.00 TND
Garnier Skin Active Fast Bright Vitamine C - Crème éclaircissante - 25ml,https://tn.jumia.is/unsafe/fit-in/300x300/filters:fill(white)/product/40/3645/1.jpg?4874,6.99 TND
Garnier Skin Active Fast Bright Vitamine C - Nettoyant visage éclaircissant - 50ml,https://tn.jumia.is/unsafe/fit-in/300x300/filters:fill(white)/product/50/3645/1.jpg?3871,6.99 TND
Maybelline New York Rouge à lèvre Mat Liquide - Superstay Matte Ink - 65 Seductress,https://tn.jumia.is/unsafe/fit-in/300x300/filters:fill(white)/product/55/2845/1.jpg?4231,41.00 TND
Garnier Ultra Doux - Hair Food - Masque Banane pour Cheveux - 390 ml,https://tn.jumia.is/unsafe/fit-in/300x300/filters:fill(white)/product/25/2645/1.jpg?9484,16.99 TND
Garnier Sérum Fast BRIGHT à La Vitamine C Booster D'éclat pour Teint Terne - 30ml,https://tn.jumia.is/unsafe/fit-in/300x300/filters:fill(white)/product/26/9936/1.jpg?9355,34.50 TND
Garnier Masque Tissu Œil Anti Cernes Super Hydratant - Jus d'Orange,https://tn.jumia.is/unsafe/fit-in/300x300/filters:fill(white)/product/41/3645/1.jpg?5742,4.59 TND
Garnier SkinActive Eau Micellaire - Tout en 1 - Peaux Sensibles - 100 ml,https://tn.jumia.is/unsafe/fit-in/300x300/filters:fill(white)/product/73/2645/1.jpg?9019,6.90 TND
Garnier Masque Tissu Thé Vert Hydratant & Rééquilibrant - Peaux normales à mixtes,https://tn.jumia.is/unsafe/fit-in/300x300/filters:fill(white)/product/10/3645/1.jpg?2741,7.59 TND
Garnier Masque Tissu Charbon Pur - Purifiant & Hydratant,https://tn.jumia.is/unsafe/fit-in/300x300/filters:fill(white)/product/20/3645/1.jpg?2820,7.59 TND
Garnier Ultra Doux Shampoing Huiles Avocat et Beurre de Karité - 200ml,https://tn.jumia.is/unsafe/fit-in/300x300/filters:fill(white)/product/34/0245/1.jpg?1297,12.00 TND
Garnier SkinActive Biphase Micellaire - Tout En 1 Waterproof - 400 ml,https://tn.jumia.is/unsafe/fit-in/300x300/filters:fill(white)/product/45/2645/1.jpg?9561,17.16 TND
Havana Série de 3 tableaux Murale - 20x30 cm ( chacune ) - Line art,https://tn.jumia.is/unsafe/fit-in/300x300/filters:fill(white)/product/98/2184/1.jpg?1885,17.66 TND
Lot de 10 bougie,https://tn.jumia.is/unsafe/fit-in/300x300/filters:fill(white)/product/38/8115/1.jpg?2270,9.00 TND
Tapis Margoum Double Face - 3.5KG - 380cm x 200cm - Haute Qualité - Noir,https://tn.jumia.is/unsafe/fit-in/300x300/filters:fill(white)/product/78/4096/1.jpg?4801,52.80 TND
Pot décoratif de gazon artificiel tête à lunettes-Jaune,https://tn.jumia.is/unsafe/fit-in/300x300/filters:fill(white)/product/96/5285/1.jpg?6226,9.80 TND
Porte Bougie Céramique Diffuseur et Huile Essentielle et Bougie,https://tn.jumia.is/unsafe/fit-in/300x300/filters:fill(white)/product/72/2925/1.jpg?2275,19.00 TND
Havana Série de 3 tableaux Murale - 20x30 cm ( chacune ) - Line art 2,https://tn.jumia.is/unsafe/fit-in/300x300/filters:fill(white)/product/92/2055/1.jpg?2407,20.24 TND
Pot décoratif de gazon artificiel tête à lunettes-Bleu,https://tn.jumia.is/unsafe/fit-in/300x300/filters:fill(white)/product/84/7965/1.jpg?3812,9.80 TND
Havana Série de 3 tableaux Murale - 20x30 cm ( chacune ) - Dreams Catcher,https://tn.jumia.is/unsafe/fit-in/300x300/filters:fill(white)/product/03/2055/1.jpg?8514,20.24 TND
Havana Horloge murale - 3D - 120 Cm - Noir,https://tn.jumia.is/unsafe/fit-in/300x300/filters:fill(white)/product/67/324/1.jpg?1441,45.08 TND
Tapis Margoum Double Face - 3.5KG - 380cm x 200cm - Haute Qualité - Beige,https://tn.jumia.is/unsafe/fit-in/300x300/filters:fill(white)/product/68/4096/1.jpg?4804,52.80 TND
Lot De 4 Galettes De Chaise - 35 X 35 Cm - blanc,https://tn.jumia.is/unsafe/fit-in/300x300/filters:fill(white)/product/49/0365/1.jpg?7047,25.90 TND
Havana Horloge murale - 3D - 120 cm - Doré,https://tn.jumia.is/unsafe/fit-in/300x300/filters:fill(white)/product/57/324/1.jpg?5746,41.40 TND
Encens Bakhour el hajj - بخور الحج - noir - 250g,https://tn.jumia.is/unsafe/fit-in/300x300/filters:fill(white)/product/32/2866/1.jpg?0158,15.90 TND
Lot De 4 Galettes De Chaise - 35 X 35 Cm - Marron,https://tn.jumia.is/unsafe/fit-in/300x300/filters:fill(white)/product/81/9365/1.jpg?4689,25.90 TND
Lot De 4 Galettes De Chaise - 35 X 35 Cm - Orange,https://tn.jumia.is/unsafe/fit-in/300x300/filters:fill(white)/product/71/9365/1.jpg?4689,25.90 TND
